"id","tag","primary_subtag","english_name","native_name","direction","pluralization"

15,"aa","aa","Afar","Afar","ltr",""
33,"ab","ab","Abkhazian","аҧсуа бызшәа","ltr",""
114,"af","af","Afrikaans","Afrikaans","ltr",""
191,"ak","ak","Akan","Akan","ltr",""
247,"am","am","Amharic","አማርኛ","ltr",""
340,"ar","ar","Arabic","العربية","rtl",""
346,"an","an","Aragonese","Aragonese","ltr",""
376,"as","as","Assamese","Assamese","ltr",""
438,"av","av","Avaric","Avaric","ltr",""
441,"ae","ae","Avestan","Avestan","ltr",""
483,"ay","ay","Aymara","Aymara","ltr",""
496,"az","az","Azerbaijani","azərbaycan","ltr",""
512,"ba","ba","Bashkir","Bashkir","ltr",""
514,"bm","bm","Bambara","Bamanankan","ltr",""
614,"be","be","Belarusian","Беларуская","ltr",""
616,"bn","bn","Bengali","Bengali","ltr",""
721,"bi","bi","Bislama","Bislama","ltr",""
860,"bo","bo","Tibetan","Tibetan","ltr",""
875,"bs","bs","Bosnian","Bosnian","ltr",""
936,"br","br","Breton","Breton","ltr",""
1020,"bg","bg","Bulgarian","Български","ltr",""
1177,"ca","ca","Catalan","Català","ltr",""
1233,"cs","cs","Czech","čeština","ltr","c%10==1 && c%100!=11 ? 1 : c%10>=2 && c%10<=4 && (c%100<10 || c%100>=20) ? 2 : 3"
1242,"ch","ch","Chamorro","Chamorro","ltr",""
1246,"ce","ce","Chechen","Chechen","ltr",""
1261,"cu","cu","Slavic","Slavic","ltr",""
1262,"cv","cv","Chuvash","Chuvash","ltr",""
1372,"kw","kw","Cornish","Cornish","ltr",""
1373,"co","co","Corsican","Corsican","ltr",""
1397,"cr","cr","Cree","Cree","ltr",""
1481,"cy","cy","Welsh","Cymraeg","ltr",""
1499,"da","da","Danish","Dansk","ltr","c == 1 ? 1 : 2"
1556,"de","de","German","Deutsch","ltr","c == 1 ? 1 : 2"
1607,"dv","dv","Divehi","Divehi","ltr",""
1760,"dz","dz","Dzongkha","Dzongkha","ltr",""
1793,"el","el","Greek","Ελληνικά","ltr","c == 1 ? 1 : 2"
1819,"en","en","English","English","ltr","c == 1 ? 1 : 2"
1831,"eo","eo","Esperanto","Esperanto","ltr","c == 1 ? 1 : 2"
1851,"et","et","Estonian","Eesti","ltr","c == 1 ? 1 : 2"
1865,"eu","eu","Basque","euskera","ltr",""
1869,"ee","ee","Ewe","Ɛʋɛ","ltr",""
1886,"fo","fo","Faroese","Faroese","ltr",""
1889,"fa","fa","Persian","فارسی","ltr",""
1901,"fj","fj","Fijian","Fijian","ltr",""
1903,"fi","fi","Finnish","suomi","ltr","c == 1 ? 1 : 2"
1930,"fr","fr","French","français","ltr","c == 1 ? 1 : 2"
1942,"fy","fy","Frisian","Frisian","ltr",""
1954,"ff","ff","Fulah","Fulfulde, Pulaar, Pular","ltr",""
2112,"gd","gd","Gaelic","Gaelic","ltr","c==1 ? 1 : c==2 ? 2 : 3"
2115,"ga","ga","Irish","Gaeilge","ltr","c==1 ? 1 : c==2 ? 2 : 3"
2116,"gl","gl","Gallegan","Galego","ltr",""
2125,"gv","gv","Manx","Manx","ltr",""
2194,"gn","gn","Guarani","Guarani","ltr",""
2226,"gu","gu","Gujarati","Gujarati","ltr",""
2304,"ht","ht","Haitian; Haitian Creole","Haitian; Haitian Creole","ltr",""
2305,"ha","ha","Hausa","Hausa","ltr",""
2315,"sh","sh","Serbo-Croatian","Serbo-Croatian","ltr",""
2323,"he","he","Hebrew","עברית","rtl","c == 1 ? 1 : 2"
2329,"hz","hz","Herero","Herero","ltr",""
2343,"hi","hi","Hindi","हिंदी","ltr",""
2370,"ho","ho","Hiri Motu","Hiri Motu","ltr",""
2418,"hr","hr","Croatian","Hrvatski","ltr","c%10==1 && c%100!=11 ? 1 : c%10>=2 && c%10<=4 && (c%100<10 || c%100>=20) ? 2 : 3"
2443,"hu","hu","Hungarian","Magyar","ltr","c = 1"
2466,"hy","hy","Armenian","Հայերեն","ltr",""
2480,"ig","ig","Igbo","Igbo","ltr",""
2494,"io","io","Ido","Ido","ltr",""
2519,"ii","ii","Yi","Yi","ltr",""
2532,"iu","iu","Inuktitut","Inuktitut","ltr",""
2539,"ie","ie","Interlingue","Interlingue","ltr",""
2556,"ia","ia","Interlingua","Interlingua","ltr",""
2558,"id","id","Indonesian","Bahasa indonesia","ltr",""
2574,"ik","ik","Inupiaq","Inupiaq","ltr",""
2593,"is","is","Icelandic","Íslenska","ltr",""
2600,"it","it","Italian","italiano","ltr","c == 1 ? 1 : 2"
2652,"jv","jv","Javanese","Javanese","ltr",""
2723,"ja","ja","Japanese","日本語","ltr","c = 1"
2763,"kl","kl","Kalaallisut","Kalaallisut","ltr",""
2765,"kn","kn","Kannada","ಕನ್ನಡ","ltr",""
2769,"ks","ks","Kashmiri","Kashmiri","ltr",""
2770,"ka","ka","Georgian","Georgian","ltr",""
2771,"kr","kr","Kanuri","Kanuri","ltr",""
2776,"kk","kk","Kazakh","Қазақ","ltr",""
2939,"km","km","Khmer","Khmer","ltr",""
2963,"ki","ki","Kikuyu","Kikuyu","ltr",""
2966,"rw","rw","Kinyarwanda","Kinyarwanda","ltr",""
2970,"ky","ky","Kirghiz","Кыргыз","ltr",""
3117,"kv","kv","Komi","Komi","ltr",""
3118,"kg","kg","Kongo","Kongo","ltr",""
3122,"ko","ko","Korean","한국어","ltr","c = 1"
3260,"kj","kj","Kuanyama","Kuanyama","ltr",""
3276,"ku","ku","Kurdish","Kurdish","ltr",""
3428,"lo","lo","Lao","Lao","ltr",""
3433,"la","la","Latin","Latin","ltr",""
3435,"lv","lv","Latvian","Latviešu","ltr","c%10==1 && c%100!=11 ? 1 : c != 0 ? 2 : 3"
3546,"li","li","Limburgish","Limburgish","ltr",""
3547,"ln","ln","Lingala","Lingala","ltr",""
3553,"lt","lt","Lithuanian","Lietuviškai","ltr","c%10==1 && c%100!=11 ? 1 : c%10>=2 && (c%100<10 || c%100>=20) ? 2 : 3"
3687,"lb","lb","Letzeburgesch","Letzeburgesch","ltr",""
3689,"lu","lu","Luba-Katanga","Luba-Katanga","ltr",""
3694,"lg","lg","Ganda","Ganda","ltr",""
3732,"mh","mh","Marshall","Marshall","ltr",""
3736,"ml","ml","Malayalam","Malayalam","ltr",""
3740,"mr","mr","Marathi","Marathi","ltr",""
3981,"mk","mk","Macedonian","Македонски","ltr",""
4009,"mg","mg","Malagasy","Malagasy","ltr",""
4022,"mt","mt","Maltese","Malti","ltr",""
4091,"mo","mo","Moldavian","Moldavian","ltr",""
4093,"mn","mn","Mongolian","Mongolian","ltr",""
4166,"mi","mi","Maori","Maori","ltr",""
4184,"ms","ms","Malay","Bahasa melayu","ltr",""
4338,"my","my","Burmese","Burmese","ltr",""
4406,"na","na","Nauru","Nauru","ltr",""
4407,"nv","nv","Navajo","Navajo","ltr",""
4423,"nr","nr","Ndebele, South","Ndebele","ltr",""
4463,"nd","nd","Ndebele, North","Ndebele","ltr",""
4473,"ng","ng","Ndonga","Ndonga","ltr",""
4499,"ne","ne","Nepali","Nepali","ltr",""
4628,"nl","nl","Dutch","Nederlands","ltr","c == 1 ? 1 : 2"
4682,"nn","nn","Norwegian Nynorsk","Norwegian Nynorsk","ltr",""
4695,"nb","nb","Norwegian Bokmål","Norwegian Bokmål","ltr",""
4709,"no","no","Norwegian","Norsk","ltr","c == 1 ? 1 : 2"
4821,"ny","ny","Chichewa; Nyanja","Chichewa; Nyanja","ltr",""
4867,"oc","oc","Occitan","Occitan","ltr",""
4891,"oj","oj","Ojibwa","Ojibwa","ltr",""
4965,"or","or","Oriya","Oriya","ltr",""
4967,"om","om","Oromo","Oromo","ltr",""
4984,"os","os","Ossetian; Ossetic","Ossetian; Ossetic","ltr",""
5031,"pa","pa","Panjabi","Panjabi","ltr",""
5176,"pi","pi","Pali","Pali","ltr",""
5244,"pl","pl","Polish","Polski","ltr","c==1 ? 1 : c%10>=2 && c%10<=4 && (c%100<10 || c%100>=20) ? 2 : 3"
5250,"pt","pt","Portuguese","português","ltr","c == 1 ? 1 : 2"
5343,"ps","ps","Pushto","پښتو","ltr",""
5368,"qu","qu","Quechua","Quechua","ltr",""
5525,"rm","rm","Raeto-Romance","Raeto-Romance","ltr",""
5528,"ro","ro","Romanian","Română","ltr",""
5552,"rn","rn","Rundi","Kirundi","ltr",""
5556,"ru","ru","Russian","Pyccĸий","ltr","c%10==1 && c%100!=11 ? 1 : c%10>=2 && c%10<=4 && (c%100<10 || c%100>=20) ? 2 : 3"
5576,"sg","sg","Sango","Sango","ltr",""
5581,"sa","sa","Sanskrit","Sanskrit","ltr",""
5738,"si","si","Sinhalese","Sinhalese","ltr",""
5800,"sk","sk","Slovak","Slovenčina","ltr","c%10==1 && c%100!=11 ? 1 : c%10>=2 && c%10<=4 && (c%100<10 || c%100>=20) ? 2 : 3"
5810,"sl","sl","Slovenian","Slovenščina","ltr","c%100==1 ? 1 : c%100==2 ? 2 : c%100==3 || c%100==4 ? 3 : 4"
5819,"se","se","Northern Sami","Northern Sami","ltr",""
5828,"sm","sm","Samoan","Samoan","ltr",""
5840,"sn","sn","Shona","Shona","ltr",""
5843,"sd","sd","Sindhi","Sindhi","ltr",""
5876,"so","so","Somali","Somali","ltr",""
5882,"st","st","Sotho","Sotho","ltr",""
5889,"es","es","Spanish","Español","ltr","c == 1 ? 1 : 2"
5910,"sq","sq","Albanian","shqip","ltr",""
5921,"sc","sc","Sardinian","Sardinian","ltr",""
5933,"sr","sr","Serbian","Srpski","ltr",""
5964,"ss","ss","Swati","Swati","ltr",""
6002,"su","su","Sundanese","Sundanese","ltr",""
6021,"sw","sw","Swahili","Kiswahili","ltr",""
6024,"sv","sv","Swedish","svenska","ltr","c == 1 ? 1 : 2"
6086,"ty","ty","Tahitian","Tahitian","ltr",""
6090,"ta","ta","Tamil","Tamil","ltr",""
6097,"tt","tt","Tatar","Tatar","ltr",""
6182,"te","te","Telugu","తెలుగు","ltr",""
6210,"tg","tg","Tajik","Tajik","ltr",""
6211,"tl","tl","Tagalog","Tagalog","ltr",""
6223,"th","th","Thai","ภาษาไทย","ltr",""
6260,"ti","ti","Tigrinya","Tigrinya","ltr",""
6383,"to","to","Tonga","Tonga","ltr",""
6466,"tn","tn","Tswana","Tswana","ltr",""
6467,"ts","ts","Tsonga","Tsonga","ltr",""
6513,"tk","tk","Turkmen","Turkmen","ltr",""
6519,"tr","tr","Turkish","Tϋrkçe","ltr","c = 1"
6546,"tw","tw","Twi","Twi","ltr",""
6630,"ug","ug","Uighur","Uighur","ltr",""
6640,"uk","uk","Ukrainian","Українська","ltr","c%10==1 && c%100!=11 ? 1 : c%10>=2 && c%10<=4 && (c%100<10 || c%100>=20) ? 2 : 3"
6679,"ur","ur","Urdu","اردو","ltr",""
6719,"uz","uz","Uzbek","o'zbek","ltr",""
6744,"ve","ve","Venda","Venda","ltr",""
6751,"vi","vi","Vietnamese","Tiếng Việt","ltr",""
6800,"vo","vo","Volapük","Volapük","ltr",""
6911,"wa","wa","Walloon","Walloon","ltr",""
6952,"wo","wo","Wolof","Wolof","ltr",""
7078,"xh","xh","Xhosa","Xhosa","ltr",""
7324,"yi","yi","Yiddish","Yiddish","ltr",""
7481,"za","za","Zhuang","Zhuang","ltr",""
7484,"zh","zh","Chinese","中文","ltr",""
7594,"zu","zu","Zulu","isiZulu","ltr",""
8000,"ar-AE","ar","Arabic (U.A.E.)","العربية","rtl",""
8001,"ar-BH","ar","Arabic (Bahrain)","العربية","rtl",""
8002,"ar-DZ","ar","Arabic (Algeria)","العربية","rtl",""
8003,"ar-EG","ar","Arabic (Egypt)","العربية","rtl",""
8004,"ar-IQ","ar","Arabic (Iraq)","العربية","rtl",""
8005,"ar-JO","ar","Arabic (Jordan)","العربية","rtl",""
8006,"ar-KW","ar","Arabic (Kuwait)","العربية","rtl",""
8007,"ar-LB","ar","Arabic (Lebanon)","العربية","rtl",""
8008,"ar-LY","ar","Arabic (Libya)","العربية","rtl",""
8009,"ar-MA","ar","Arabic (Morocco)","العربية","rtl",""
8010,"ar-OM","ar","Arabic (Oman)","العربية","rtl",""
8011,"ar-QA","ar","Arabic (Qatar)","العربية","rtl",""
8012,"ar-SA","ar","Arabic (Saudi Arabia)","العربية","rtl",""
8013,"ar-SY","ar","Arabic (Syria)","العربية","rtl",""
8014,"ar-TN","ar","Arabic (Tunisia)","العربية","rtl",""
8015,"ar-YE","ar","Arabic (Yemen)","العربية","rtl",""
8016,"de-AT","de","German (Austria)","Deutsch","ltr","c == 1 ? 1 : 2"
8017,"de-CH","de","German (Switzerland)","Deutsch","ltr","c == 1 ? 1 : 2"
8018,"de-LI","de","German (Liechtenstein)","Deutsch","ltr","c == 1 ? 1 : 2"
8019,"de-LU","de","German (Luxembourg)","Deutsch","ltr","c == 1 ? 1 : 2"
8020,"en-AU","en","English (Australia)","English","ltr","c == 1 ? 1 : 2"
8021,"en-BZ","en","English (Belize)","English","ltr","c == 1 ? 1 : 2"
8022,"en-CA","en","English (Canada)","English","ltr","c == 1 ? 1 : 2"
8023,"en-GB","en","English (United Kingdom)","English","ltr","c == 1 ? 1 : 2"
8024,"en-IE","en","English (Ireland)","English","ltr","c == 1 ? 1 : 2"
8025,"en-JM","en","English (Jamaica)","English","ltr","c == 1 ? 1 : 2"
8026,"en-NZ","en","English (New Zealand)","English","ltr","c == 1 ? 1 : 2"
8027,"en-TT","en","English (Trinidad)","English","ltr","c == 1 ? 1 : 2"
8028,"en-US","en","English (United States)","English","ltr","c == 1 ? 1 : 2"
8029,"en-ZA","en","English (South Africa)","English","ltr","c == 1 ? 1 : 2"
8030,"es-419","es","South American Spanish","Español","ltr","c == 1 ? 1 : 2"
8031,"es-AR","es","Spanish (Argentina)","Español","ltr","c == 1 ? 1 : 2"
8032,"es-BO","es","Spanish (Bolivia)","Español","ltr","c == 1 ? 1 : 2"
8033,"es-CL","es","Spanish (Chile)","Español","ltr","c == 1 ? 1 : 2"
8034,"es-CO","es","Spanish (Colombia)","Español","ltr","c == 1 ? 1 : 2"
8035,"es-CR","es","Spanish (Costa Rica)","Español","ltr","c == 1 ? 1 : 2"
8036,"es-DO","es","Spanish (Dominican Republic)","Español","ltr","c == 1 ? 1 : 2"
8037,"es-EC","es","Spanish (Ecuador)","Español","ltr","c == 1 ? 1 : 2"
8038,"es-GT","es","Spanish (Guatemala)","Español","ltr","c == 1 ? 1 : 2"
8039,"es-HN","es","Spanish (Honduras)","Español","ltr","c == 1 ? 1 : 2"
8040,"es-MX","es","Spanish (Mexico)","Español","ltr","c == 1 ? 1 : 2"
8041,"es-NI","es","Spanish (Nicaragua)","Español","ltr","c == 1 ? 1 : 2"
8042,"es-PA","es","Spanish (Panama)","Español","ltr","c == 1 ? 1 : 2"
8043,"es-PE","es","Spanish (Peru)","Español","ltr","c == 1 ? 1 : 2"
8044,"es-PR","es","Spanish (Puerto Rico)","Español","ltr","c == 1 ? 1 : 2"
8045,"es-PY","es","Spanish (Paraguay)","Español","ltr","c == 1 ? 1 : 2"
8046,"es-SV","es","Spanish (El Salvador)","Español","ltr","c == 1 ? 1 : 2"
8047,"es-UY","es","Spanish (Uruguay)","Español","ltr","c == 1 ? 1 : 2"
8048,"es-VE","es","Spanish (Venezuela)","Español","ltr","c == 1 ? 1 : 2"
8049,"fr-BE","fr","French (Belgium)","Français","ltr","c == 1 ? 1 : 2"
8050,"fr-CA","fr","French (Canada)","Français","ltr","c == 1 ? 1 : 2"
8051,"fr-CH","fr","French (Switzerland)","Français","ltr","c == 1 ? 1 : 2"
8052,"fr-LU","fr","French (Luxembourg)","Français","ltr","c == 1 ? 1 : 2"
8053,"gd-IE","gd","Gaelic (Ireland)","Gaelic","ltr","c==1 ? 1 : c==2 ? 2 : 3"
8054,"it-CH","it","Italian (Switzerland)","italiano","ltr","c == 1 ? 1 : 2"
8055,"nl-BE","nl","Dutch (Belgium)","Nederlands","ltr","c == 1 ? 1 : 2"
8056,"pt-BR","pt","Portuguese (Brazil)","português","ltr","c == 1 ? 1 : 2"
8057,"ro-MO","ro","Romanian (Moldavia)","Română","ltr",""
8058,"ru-MO","ru","Russian (Moldavia)","Pyccĸий","ltr","c%10==1 && c%100!=11 ? 1 : c%10>=2 && c%10<=4 && (c%100<10 || c%100>=20) ? 2 : 3"
8059,"sv-FI","sv","Swedish (Finland)","svenska","ltr","c == 1 ? 1 : 2"
8060,"zh-CN","zh","Chinese (PRC)","中文","ltr",""
8061,"zh-HK","zh","Chinese (Hong Kong SAR)","中文","ltr",""
8062,"zh-SG","zh","Chinese (Singapore)","中文","ltr",""
8063,"zh-TW","zh","Chinese (Taiwan)","中文","ltr",""